stage,position,category,depth,agent,repetition,status,selected_move,root_value,visited_states,expanded_nodes,generated_actions,evaluated_states,pruned_actions,maximum_depth,thinking_time,error_type,error_message
A,initial,initial,2,measured_minimax,1,ok,d0-a3,0.0,2736,53,2735,2683,0,2,0.4512609590019565,N/A,N/A
A,initial,initial,2,alpha_beta_order_1,1,ok,d0-a3,0.0,387,53,2735,334,2349,2,0.06561050000891555,N/A,N/A
A,initial,initial,2,alpha_beta_order_2,1,ok,d0-a3,0.0,206,53,2735,153,2530,2,0.47326866700313985,N/A,N/A
B,initial,initial,3,alpha_beta_order_1,1,ok,d0-a3,0.07085571070533477,10985,468,26731,10517,15747,3,1.731453500004136,N/A,N/A
B,initial,initial,3,alpha_beta_order_1,2,ok,d0-a3,0.07085571070533477,10985,468,26731,10517,15747,3,1.7297292500006733,N/A,N/A
B,initial,initial,3,alpha_beta_order_1,3,ok,d0-a3,0.07085571070533477,10985,468,26731,10517,15747,3,1.7456925410078838,N/A,N/A
B,initial,initial,3,alpha_beta_order_2,1,ok,d0-a3,0.07085571070533477,4205,409,23474,3796,19270,3,4.406115457997657,N/A,N/A
B,initial,initial,3,alpha_beta_order_2,2,ok,d0-a3,0.07085571070533477,4205,409,23474,3796,19270,3,4.367866166998283,N/A,N/A
B,initial,initial,3,alpha_beta_order_2,3,ok,d0-a3,0.07085571070533477,4205,409,23474,3796,19270,3,4.410206750006182,N/A,N/A
A,early-a,early game,2,measured_minimax,1,ok,d0-e3,0.0,3171,57,3170,3114,0,2,0.5069258330040611,N/A,N/A
A,early-a,early game,2,alpha_beta_order_1,1,ok,d0-e3,0.0,482,57,3170,425,2689,2,0.07723320799414068,N/A,N/A
A,early-a,early game,2,alpha_beta_order_2,1,ok,d0-e3,0.0,329,57,3170,272,2842,2,0.548056458006613,N/A,N/A
B,early-a,early game,3,alpha_beta_order_1,1,ok,d0-a3,0.07202530134860963,11201,453,26690,10748,15490,3,1.7738894170033745,N/A,N/A
B,early-a,early game,3,alpha_beta_order_1,2,ok,d0-a3,0.07202530134860963,11201,453,26690,10748,15490,3,1.8070089999964694,N/A,N/A
B,early-a,early game,3,alpha_beta_order_1,3,ok,d0-a3,0.07202530134860963,11201,453,26690,10748,15490,3,1.8059760000032838,N/A,N/A
B,early-a,early game,3,alpha_beta_order_2,1,ok,d0-a3,0.07202530134860963,5534,529,31305,5005,25772,3,5.865545708002173,N/A,N/A
B,early-a,early game,3,alpha_beta_order_2,2,ok,d0-a3,0.07202530134860963,5534,529,31305,5005,25772,3,5.787677625005017,N/A,N/A
B,early-a,early game,3,alpha_beta_order_2,3,ok,d0-a3,0.07202530134860963,5534,529,31305,5005,25772,3,5.989166084007593,N/A,N/A
A,early-b,early game,2,measured_minimax,1,ok,g0-h3,-0.006122448979591836,4008,62,4007,3946,0,2,0.6625764159980463,N/A,N/A
A,early-b,early game,2,alpha_beta_order_1,1,ok,g0-h3,-0.006122448979591836,1186,62,4007,1124,2822,2,0.1979786250012694,N/A,N/A
A,early-b,early game,2,alpha_beta_order_2,1,ok,g0-h3,-0.006122448979591836,312,62,4007,250,3696,2,0.7160864999896148,N/A,N/A
B,early-b,early game,3,alpha_beta_order_1,1,ok,d0-a3,0.04636591478696741,18095,717,46914,17378,28820,3,3.067522875004215,N/A,N/A
B,early-b,early game,3,alpha_beta_order_1,2,ok,d0-a3,0.04636591478696741,18095,717,46914,17378,28820,3,3.0709465839900076,N/A,N/A
B,early-b,early game,3,alpha_beta_order_1,3,ok,d0-a3,0.04636591478696741,18095,717,46914,17378,28820,3,3.0085998330032453,N/A,N/A
B,early-b,early game,3,alpha_beta_order_2,1,ok,d0-a3,0.04636591478696741,5543,534,34842,5009,29300,3,6.821914792002644,N/A,N/A
B,early-b,early game,3,alpha_beta_order_2,2,ok,d0-a3,0.04636591478696741,5543,534,34842,5009,29300,3,6.69402666699898,N/A,N/A
B,early-b,early game,3,alpha_beta_order_2,3,ok,d0-a3,0.04636591478696741,5543,534,34842,5009,29300,3,6.6885122079984285,N/A,N/A
A,middle-capture,middle game with immediate capture,2,measured_minimax,1,ok,e4-f5,1.0,3473,31,3472,3442,0,2,0.3065836249879794,N/A,N/A
A,middle-capture,middle game with immediate capture,2,alpha_beta_order_1,1,ok,e4-f5,1.0,411,31,3472,380,3062,2,0.03982245799852535,N/A,N/A
A,middle-capture,middle game with immediate capture,2,alpha_beta_order_2,1,ok,e4-f5,1.0,411,31,3472,380,3062,2,0.33814458300184924,N/A,N/A
B,middle-capture,middle game with immediate capture,3,alpha_beta_order_1,1,ok,e4-f5,1.0,8875,526,19942,8349,11068,3,0.7511480410030345,N/A,N/A
B,middle-capture,middle game with immediate capture,3,alpha_beta_order_1,2,ok,e4-f5,1.0,8875,526,19942,8349,11068,3,0.7858151659893338,N/A,N/A
B,middle-capture,middle game with immediate capture,3,alpha_beta_order_1,3,ok,e4-f5,1.0,8875,526,19942,8349,11068,3,0.7560253749979893,N/A,N/A
B,middle-capture,middle game with immediate capture,3,alpha_beta_order_2,1,ok,e4-f5,1.0,2437,541,20803,1896,18367,3,1.9673040420020698,N/A,N/A
B,middle-capture,middle game with immediate capture,3,alpha_beta_order_2,2,ok,e4-f5,1.0,2437,541,20803,1896,18367,3,1.9651900409953669,N/A,N/A
B,middle-capture,middle game with immediate capture,3,alpha_beta_order_2,3,ok,e4-f5,1.0,2437,541,20803,1896,18367,3,1.9666501249885187,N/A,N/A
A,middle-threat,middle game with immediate threat,2,measured_minimax,1,ok,e4-d3,1.0,6096,79,6095,6017,0,2,0.9549288749985863,N/A,N/A
A,middle-threat,middle game with immediate threat,2,alpha_beta_order_1,1,ok,e4-d3,1.0,347,79,6095,268,5749,2,0.05084612499922514,N/A,N/A
A,middle-threat,middle game with immediate threat,2,alpha_beta_order_2,1,ok,e4-d3,1.0,347,79,6095,268,5749,2,0.9783869160019094,N/A,N/A
B,middle-threat,middle game with immediate threat,3,alpha_beta_order_1,1,ok,e4-d3,1.0,1316,279,19105,1037,17790,3,0.1906854580010986,N/A,N/A
B,middle-threat,middle game with immediate threat,3,alpha_beta_order_1,2,ok,e4-d3,1.0,1316,279,19105,1037,17790,3,0.19047029099601787,N/A,N/A
B,middle-threat,middle game with immediate threat,3,alpha_beta_order_1,3,ok,e4-d3,1.0,1316,279,19105,1037,17790,3,0.19347966701025143,N/A,N/A
B,middle-threat,middle game with immediate threat,3,alpha_beta_order_2,1,ok,e4-d3,1.0,1411,279,19200,1132,17790,3,3.1917018340027425,N/A,N/A
B,middle-threat,middle game with immediate threat,3,alpha_beta_order_2,2,ok,e4-d3,1.0,1411,279,19200,1132,17790,3,3.2380844590079505,N/A,N/A
B,middle-threat,middle game with immediate threat,3,alpha_beta_order_2,3,ok,e4-d3,1.0,1411,279,19200,1132,17790,3,3.198019083007239,N/A,N/A
A,reduced,reduced material,2,measured_minimax,1,ok,c2-b4,-0.011373672275927914,755,27,754,728,0,2,0.018037083005765453,N/A,N/A
A,reduced,reduced material,2,alpha_beta_order_1,1,ok,c2-b4,-0.011373672275927914,231,27,754,204,524,2,0.005988459000946023,N/A,N/A
A,reduced,reduced material,2,alpha_beta_order_2,1,ok,c2-b4,-0.011373672275927914,134,27,754,107,621,2,0.020402250011102296,N/A,N/A
B,reduced,reduced material,3,alpha_beta_order_1,1,ok,c2-d4,-0.007864900346103352,3909,270,8206,3639,4298,3,0.09558624999772292,N/A,N/A
B,reduced,reduced material,3,alpha_beta_order_1,2,ok,c2-d4,-0.007864900346103352,3909,270,8206,3639,4298,3,0.09570937500393484,N/A,N/A
B,reduced,reduced material,3,alpha_beta_order_1,3,ok,c2-d4,-0.007864900346103352,3909,270,8206,3639,4298,3,0.09579087499878369,N/A,N/A
B,reduced,reduced material,3,alpha_beta_order_2,1,ok,c2-d4,-0.007864900346103352,1208,170,4565,1038,3358,3,0.13240054200286977,N/A,N/A
B,reduced,reduced material,3,alpha_beta_order_2,2,ok,c2-d4,-0.007864900346103352,1208,170,4565,1038,3358,3,0.13243812498694751,N/A,N/A
B,reduced,reduced material,3,alpha_beta_order_2,3,ok,c2-d4,-0.007864900346103352,1208,170,4565,1038,3358,3,0.13181683400762267,N/A,N/A
