stage,position,depth,agent,attempts,completed_searches,timeouts,errors,selected_move,root_value,equivalent_move,equivalent_value,visited_states,expanded_nodes,generated_actions,evaluated_states,pruned_actions,maximum_depth,thinking_time,relative_expanded_nodes_change_order2_vs_order1
A,initial,2,measured_minimax,1,1,0,0,d0-a3,0.0,True,True,2736,53,2735,2683,0,2,0.4512609590019565,N/A
A,initial,2,alpha_beta_order_1,1,1,0,0,d0-a3,0.0,True,True,387,53,2735,334,2349,2,0.06561050000891555,N/A
A,initial,2,alpha_beta_order_2,1,1,0,0,d0-a3,0.0,True,True,206,53,2735,153,2530,2,0.47326866700313985,N/A
B,initial,3,alpha_beta_order_1,3,3,0,0,d0-a3,0.07085571070533477,N/A,N/A,10985,468,26731,10517,15747,3,1.731453500004136,0.12606837606837606
B,initial,3,alpha_beta_order_2,3,3,0,0,d0-a3,0.07085571070533477,N/A,N/A,4205,409,23474,3796,19270,3,4.406115457997657,0.12606837606837606
A,early-a,2,measured_minimax,1,1,0,0,d0-e3,0.0,True,True,3171,57,3170,3114,0,2,0.5069258330040611,N/A
A,early-a,2,alpha_beta_order_1,1,1,0,0,d0-e3,0.0,True,True,482,57,3170,425,2689,2,0.07723320799414068,N/A
A,early-a,2,alpha_beta_order_2,1,1,0,0,d0-e3,0.0,True,True,329,57,3170,272,2842,2,0.548056458006613,N/A
B,early-a,3,alpha_beta_order_1,3,3,0,0,d0-a3,0.07202530134860963,N/A,N/A,11201,453,26690,10748,15490,3,1.8059760000032838,-0.16777041942604856
B,early-a,3,alpha_beta_order_2,3,3,0,0,d0-a3,0.07202530134860963,N/A,N/A,5534,529,31305,5005,25772,3,5.865545708002173,-0.16777041942604856
A,early-b,2,measured_minimax,1,1,0,0,g0-h3,-0.006122448979591836,True,True,4008,62,4007,3946,0,2,0.6625764159980463,N/A
A,early-b,2,alpha_beta_order_1,1,1,0,0,g0-h3,-0.006122448979591836,True,True,1186,62,4007,1124,2822,2,0.1979786250012694,N/A
A,early-b,2,alpha_beta_order_2,1,1,0,0,g0-h3,-0.006122448979591836,True,True,312,62,4007,250,3696,2,0.7160864999896148,N/A
B,early-b,3,alpha_beta_order_1,3,3,0,0,d0-a3,0.04636591478696741,N/A,N/A,18095,717,46914,17378,28820,3,3.067522875004215,0.25523012552301255
B,early-b,3,alpha_beta_order_2,3,3,0,0,d0-a3,0.04636591478696741,N/A,N/A,5543,534,34842,5009,29300,3,6.69402666699898,0.25523012552301255
A,middle-capture,2,measured_minimax,1,1,0,0,e4-f5,1.0,True,True,3473,31,3472,3442,0,2,0.3065836249879794,N/A
A,middle-capture,2,alpha_beta_order_1,1,1,0,0,e4-f5,1.0,True,True,411,31,3472,380,3062,2,0.03982245799852535,N/A
A,middle-capture,2,alpha_beta_order_2,1,1,0,0,e4-f5,1.0,True,True,411,31,3472,380,3062,2,0.33814458300184924,N/A
B,middle-capture,3,alpha_beta_order_1,3,3,0,0,e4-f5,1.0,N/A,N/A,8875,526,19942,8349,11068,3,0.7560253749979893,-0.028517110266159697
B,middle-capture,3,alpha_beta_order_2,3,3,0,0,e4-f5,1.0,N/A,N/A,2437,541,20803,1896,18367,3,1.9666501249885187,-0.028517110266159697
A,middle-threat,2,measured_minimax,1,1,0,0,e4-d3,1.0,True,True,6096,79,6095,6017,0,2,0.9549288749985863,N/A
A,middle-threat,2,alpha_beta_order_1,1,1,0,0,e4-d3,1.0,True,True,347,79,6095,268,5749,2,0.05084612499922514,N/A
A,middle-threat,2,alpha_beta_order_2,1,1,0,0,e4-d3,1.0,True,True,347,79,6095,268,5749,2,0.9783869160019094,N/A
B,middle-threat,3,alpha_beta_order_1,3,3,0,0,e4-d3,1.0,N/A,N/A,1316,279,19105,1037,17790,3,0.1906854580010986,0.0
B,middle-threat,3,alpha_beta_order_2,3,3,0,0,e4-d3,1.0,N/A,N/A,1411,279,19200,1132,17790,3,3.198019083007239,0.0
A,reduced,2,measured_minimax,1,1,0,0,c2-b4,-0.011373672275927914,True,True,755,27,754,728,0,2,0.018037083005765453,N/A
A,reduced,2,alpha_beta_order_1,1,1,0,0,c2-b4,-0.011373672275927914,True,True,231,27,754,204,524,2,0.005988459000946023,N/A
A,reduced,2,alpha_beta_order_2,1,1,0,0,c2-b4,-0.011373672275927914,True,True,134,27,754,107,621,2,0.020402250011102296,N/A
B,reduced,3,alpha_beta_order_1,3,3,0,0,c2-d4,-0.007864900346103352,N/A,N/A,3909,270,8206,3639,4298,3,0.09570937500393484,0.37037037037037035
B,reduced,3,alpha_beta_order_2,3,3,0,0,c2-d4,-0.007864900346103352,N/A,N/A,1208,170,4565,1038,3358,3,0.13240054200286977,0.37037037037037035
